<prezi xsi:schemaLocation="http://prezi.com/schema/prezi/2 http://prezi.com/schema/prezi/2" xmlns:xsi="http://www.w3.org/2001/XMLSchema-instance" version="2" xmlns="http://prezi.com/schema/prezi/2"><xFields><xField name="preziType"><xEnum type="PreziType" value="converted-from-core"/></xField></xFields><background><background><layers><array><backgroundImage><depth><double value="0"/></depth><fadeScale><double value="0.022786185881968794"/></fadeScale><width><double value="1920"/></width><height><double value="1312"/></height><onlineAssetId><string value="634283545"/></onlineAssetId><onlineAssetUrl><string value="http://0103.static.prezi.com.s3.amazonaws.com/media/6/7/a/87c97921db67f01482ee85a5c91fda37d4d48.jpg"/></onlineAssetUrl><assetSourceFilename><string value="bg.jpg"/></assetSourceFilename><localToWorld><transform2D x="-10925.31262428044" y="3880.627040818386" scale="72.67859095092652" rotation="0"/></localToWorld></backgroundImage></array></layers></background></background><documentStyle><documentStyle><fontClasses><array><fontClass><fontFamily><string value="Arimo"/></fontFamily><name><string value="body"/></name></fontClass><fontClass><fontFamily><string value="Titillium"/></fontFamily><name><string value="head"/></name></fontClass><fontClass><fontFamily><string value="Arimo"/></fontFamily><fontWeight><fontWeight value="bold"/></fontWeight><name><string value="strong"/></name></fontClass></array></fontClasses><fontFamilies><array><fontFamily><fontFaces><array><fontFace><fontSrc><string value="Arimo-Regular.swf"/></fontSrc></fontFace><fontFace><fontSrc><string value="Arimo-Bold.swf"/></fontSrc><fontWeight><fontWeight value="bold"/></fontWeight></fontFace><fontFace><fontSrc><string value="Arimo-BoldItalic.keg"/></fontSrc><fontStyle><fontStyle value="italic"/></fontStyle><fontWeight><fontWeight value="bold"/></fontWeight></fontFace><fontFace><fontSrc><string value="Arimo-Italic.keg"/></fontSrc><fontStyle><fontStyle value="italic"/></fontStyle></fontFace></array></fontFaces><name><string value="Arimo"/></name></fontFamily><fontFamily><fontFaces><array><fontFace><fontSrc><string value="Titillium-Regular.swf"/></fontSrc></fontFace><fontFace><fontSrc><string value="Titillium-BoldItalic.keg"/></fontSrc><fontStyle><fontStyle value="italic"/></fontStyle><fontWeight><fontWeight value="bold"/></fontWeight></fontFace><fontFace><fontSrc><string value="Titillium-RegularItalic.keg"/></fontSrc><fontStyle><fontStyle value="italic"/></fontStyle></fontFace><fontFace><fontSrc><string value="Titillium-Bold.keg"/></fontSrc><fontWeight><fontWeight value="bold"/></fontWeight></fontFace></array></fontFaces><name><string value="Titillium"/></name></fontFamily></array></fontFamilies><styleDeclarations><array><styleDeclaration><styleBlock><styleBlock><gradEndAlpha><double value="0.7"/></gradEndAlpha><gradStartAlpha><double value="0.5"/></gradStartAlpha></styleBlock></styleBlock><styleSelector><simpleSelector value="zCircle"/></styleSelector></styleDeclaration><styleDeclaration><styleBlock><styleBlock><color><color value="#004F75"/></color><gradEndColor><color value="#004F75"/></gradEndColor><gradStartColor><color value="#004F75"/></gradStartColor><fillType><fillType value="linear"/></fillType></styleBlock></styleBlock><styleSelector><simpleSelector value="*.line1"/></styleSelector></styleDeclaration><styleDeclaration><styleBlock><styleBlock><color><color value="#FF0000"/></color><gradEndColor><color value="#FF0000"/></gradEndColor><gradStartColor><color value="#FF0000"/></gradStartColor><fillType><fillType value="linear"/></fillType></styleBlock></styleBlock><styleSelector><simpleSelector value="*.line2"/></styleSelector></styleDeclaration><styleDeclaration><styleBlock><styleBlock><color><color value="#FFBE00"/></color><gradEndColor><color value="#FFBE00"/></gradEndColor><gradStartColor><color value="#FFBE00"/></gradStartColor><fillType><fillType value="linear"/></fillType></styleBlock></styleBlock><styleSelector><simpleSelector value="*.line3"/></styleSelector></styleDeclaration><styleDeclaration><styleBlock><styleBlock><color><color value="#BBBBBB"/></color><gradEndColor><color value="#BBBBBB"/></gradEndColor><gradStartColor><color value="#BBBBBB"/></gradStartColor><fillType><fillType value="linear"/></fillType></styleBlock></styleBlock><styleSelector><simpleSelector value="*.line4"/></styleSelector></styleDeclaration><styleDeclaration><styleBlock><styleBlock><color><color value="#FFFFFF"/></color><gradEndColor><color value="#FFFFFF"/></gradEndColor><gradStartColor><color value="#FFFFFF"/></gradStartColor><fillType><fillType value="linear"/></fillType></styleBlock></styleBlock><styleSelector><simpleSelector value="*.line5"/></styleSelector></styleDeclaration><styleDeclaration><styleBlock><styleBlock><color><color value="#1A1A1A"/></color><gradEndColor><color value="#004F75"/></gradEndColor><gradStartColor><color value="#004F75"/></gradStartColor><fillType><fillType value="linear"/></fillType></styleBlock></styleBlock><styleSelector><simpleSelector value="*.poly1"/></styleSelector></styleDeclaration><styleDeclaration><styleBlock><styleBlock><gradEndColor><color value="#FF0000"/></gradEndColor><gradStartColor><color value="#FF0000"/></gradStartColor><fillType><fillType value="linear"/></fillType></styleBlock></styleBlock><styleSelector><simpleSelector value="*.poly2"/></styleSelector></styleDeclaration><styleDeclaration><styleBlock><styleBlock><gradEndColor><color value="#FFBE00"/></gradEndColor><gradStartColor><color value="#FFBE00"/></gradStartColor><fillType><fillType value="linear"/></fillType></styleBlock></styleBlock><styleSelector><simpleSelector value="*.poly3"/></styleSelector></styleDeclaration><styleDeclaration><styleBlock><styleBlock><color><color value="#1A1A1A"/></color><gradEndColor><color value="#BBBBBB"/></gradEndColor><gradStartColor><color value="#BBBBBB"/></gradStartColor><fillType><fillType value="linear"/></fillType></styleBlock></styleBlock><styleSelector><simpleSelector value="*.poly4"/></styleSelector></styleDeclaration><styleDeclaration><styleBlock><styleBlock><color><color value="#1A1A1A"/></color><gradEndColor><color value="#FFFFFF"/></gradEndColor><gradStartColor><color value="#FFFFFF"/></gradStartColor><fillType><fillType value="linear"/></fillType></styleBlock></styleBlock><styleSelector><simpleSelector value="*.poly5"/></styleSelector></styleDeclaration><styleDeclaration><styleBlock><styleBlock><gradEndColor><color value="#1A1A1A"/></gradEndColor><gradStartColor><color value="#1A1A1A"/></gradStartColor><fillType><fillType value="linear"/></fillType></styleBlock></styleBlock><styleSelector><simpleSelector value="background"/></styleSelector></styleDeclaration><styleDeclaration><styleBlock><styleBlock><gradEndAlpha><double value="1"/></gradEndAlpha><gradEndColor><color value="#055FD0"/></gradEndColor><gradStartAlpha><double value="1"/></gradStartAlpha><gradStartColor><color value="#287AE3"/></gradStartColor><fillType><fillType value="linear"/></fillType><borderAlpha><double value="0"/></borderAlpha><borderThickness><double value="0"/></borderThickness></styleBlock></styleBlock><styleSelector><simpleSelector value="zArrow"/></styleSelector></styleDeclaration><styleDeclaration><styleBlock><styleBlock><gradEndAlpha><double value="1"/></gradEndAlpha><gradStartAlpha><double value="1"/></gradStartAlpha><borderAlpha><double value="0"/></borderAlpha><borderThickness><double value="0"/></borderThickness><radius><double value="0"/></radius><thickness><double value="100"/></thickness></styleBlock></styleBlock><styleSelector><simpleSelector value="zCircle"/></styleSelector></styleDeclaration><styleDeclaration><styleBlock><styleBlock><color><color value="#000000"/></color></styleBlock></styleBlock><styleSelector><simpleSelector value="zPencil"/></styleSelector></styleDeclaration><styleDeclaration><styleBlock><styleBlock><gradEndAlpha><double value="1"/></gradEndAlpha><gradEndColor><color value="#666666"/></gradEndColor><gradStartAlpha><double value="1"/></gradStartAlpha><gradStartColor><color value="#666666"/></gradStartColor><fillType><fillType value="linear"/></fillType><borderColor><color value="#666666"/></borderColor><borderThickness><double value="3"/></borderThickness><padding><double value="1.03"/></padding><thickness><double value="5"/></thickness></styleBlock></styleBlock><styleSelector><simpleSelector value="zBracketFrame"/></styleSelector></styleDeclaration><styleDeclaration><styleBlock><styleBlock><gradEndAlpha><double value="1"/></gradEndAlpha><gradEndColor><color value="#666666"/></gradEndColor><gradStartAlpha><double value="1"/></gradStartAlpha><gradStartColor><color value="#666666"/></gradStartColor><fillType><fillType value="linear"/></fillType><borderColor><color value="#666666"/></borderColor><borderThickness><double value="3"/></borderThickness><padding><double value="1.03"/></padding><thickness><double value="5"/></thickness></styleBlock></styleBlock><styleSelector><simpleSelector value="zCircleFrame"/></styleSelector></styleDeclaration><styleDeclaration><styleBlock><styleBlock><gradEndAlpha><double value="0.7"/></gradEndAlpha><gradEndColor><color value="#000000"/></gradEndColor><gradStartAlpha><double value="0.5"/></gradStartAlpha><gradStartColor><color value="#000000"/></gradStartColor><fillType><fillType value="linear"/></fillType><borderAlpha><double value="0.5"/></borderAlpha><borderColor><color value="#FFFFFF"/></borderColor><borderThickness><double value="30"/></borderThickness><padding><double value="1.03"/></padding><thickness><double value="5"/></thickness></styleBlock></styleBlock><styleSelector><simpleSelector value="zRectangleFrame"/></styleSelector></styleDeclaration><styleDeclaration><styleBlock><styleBlock><padding><double value="1.2"/></padding></styleBlock></styleBlock><styleSelector><simpleSelector value="zText"/></styleSelector></styleDeclaration><styleDeclaration><styleBlock><styleBlock><color><color value="#000000"/></color><fontClass><string value="body"/></fontClass></styleBlock></styleBlock><styleSelector><simpleSelector value="zText.body"/></styleSelector></styleDeclaration><styleDeclaration><styleBlock><styleBlock><backgroundAlpha><double value="0.7"/></backgroundAlpha><backgroundColor><color value="#FFFFFF"/></backgroundColor><backgroundPadding><double value="5"/></backgroundPadding></styleBlock></styleBlock><styleSelector><simpleSelector value="zText.body-background"/></styleSelector></styleDeclaration><styleDeclaration><styleBlock><styleBlock><color><color value="#FFFFFF"/></color><fontClass><string value="head"/></fontClass></styleBlock></styleBlock><styleSelector><simpleSelector value="zText.title"/></styleSelector></styleDeclaration><styleDeclaration><styleBlock><styleBlock><backgroundAlpha><double value="0.8"/></backgroundAlpha><backgroundColor><color value="#E0BB4A"/></backgroundColor><backgroundPadding><double value="5"/></backgroundPadding></styleBlock></styleBlock><styleSelector><simpleSelector value="zText.title-background"/></styleSelector></styleDeclaration><styleDeclaration><styleBlock><styleBlock><color><color value="#E0BB4A"/></color><fontClass><string value="strong"/></fontClass></styleBlock></styleBlock><styleSelector><simpleSelector value="zText.subtitle"/></styleSelector></styleDeclaration><styleDeclaration><styleBlock><styleBlock><backgroundAlpha><double value="0.8"/></backgroundAlpha><backgroundColor><color value="#004F75"/></backgroundColor><backgroundPadding><double value="5"/></backgroundPadding></styleBlock></styleBlock><styleSelector><simpleSelector value="zText.subtitle-background"/></styleSelector></styleDeclaration><styleDeclaration><styleBlock><styleBlock><color><color value="#FFFFFF"/></color></styleBlock></styleBlock><styleSelector><simpleSelector value="zLine"/></styleSelector></styleDeclaration><styleDeclaration><styleBlock><styleBlock><color><color value="#00E1FF"/></color><alpha><double value="0.3"/></alpha></styleBlock></styleBlock><styleSelector><simpleSelector value="zMarker"/></styleSelector></styleDeclaration><styleDeclaration><styleBlock><styleBlock><gradEndAlpha><double value="1"/></gradEndAlpha><gradStartAlpha><double value="1"/></gradStartAlpha><borderAlpha><double value="0"/></borderAlpha><borderThickness><double value="0"/></borderThickness><radius><double value="0"/></radius><thickness><double value="100"/></thickness></styleBlock></styleBlock><styleSelector><simpleSelector value="zTriangle"/></styleSelector></styleDeclaration><styleDeclaration><styleBlock><styleBlock><gradEndAlpha><double value="1"/></gradEndAlpha><gradStartAlpha><double value="1"/></gradStartAlpha><borderAlpha><double value="0"/></borderAlpha><borderThickness><double value="0"/></borderThickness><radius><double value="0"/></radius><thickness><double value="100"/></thickness></styleBlock></styleBlock><styleSelector><simpleSelector value="zSquare"/></styleSelector></styleDeclaration><styleDeclaration><styleBlock><styleBlock><color><color value="#FF8000"/></color><gradEndAlpha><double value="1"/></gradEndAlpha><gradEndColor><color value="#FF8000"/></gradEndColor><gradStartAlpha><double value="1"/></gradStartAlpha><gradStartColor><color value="#FF8000"/></gradStartColor><fillType><fillType value="linear"/></fillType><borderColor><color value="#FF8000"/></borderColor><thickness><double value="8"/></thickness></styleBlock></styleBlock><styleSelector><simpleSelector value="#0_191342082"/></styleSelector></styleDeclaration><styleDeclaration><styleBlock><styleBlock><borderColor><color value="#004F75"/></borderColor><thickness><double value="8"/></thickness></styleBlock></styleBlock><styleSelector><simpleSelector value="#13_170339"/></styleSelector></styleDeclaration><styleDeclaration><styleBlock><styleBlock><borderColor><color value="#004F75"/></borderColor><thickness><double value="8"/></thickness></styleBlock></styleBlock><styleSelector><simpleSelector value="#14_170339"/></styleSelector></styleDeclaration><styleDeclaration><styleBlock><styleBlock><borderColor><color value="#004F75"/></borderColor><thickness><double value="8"/></thickness></styleBlock></styleBlock><styleSelector><simpleSelector value="#15_170339"/></styleSelector></styleDeclaration><styleDeclaration><styleBlock><styleBlock><borderColor><color value="#004F75"/></borderColor><thickness><double value="8"/></thickness></styleBlock></styleBlock><styleSelector><simpleSelector value="#16_170339"/></styleSelector></styleDeclaration><styleDeclaration><styleBlock><styleBlock><borderColor><color value="#004F75"/></borderColor><thickness><double value="8"/></thickness></styleBlock></styleBlock><styleSelector><simpleSelector value="#17_170339"/></styleSelector></styleDeclaration><styleDeclaration><styleBlock><styleBlock><color><color value="#FF8000"/></color><gradEndAlpha><double value="1"/></gradEndAlpha><gradEndColor><color value="#FF8000"/></gradEndColor><gradStartAlpha><double value="1"/></gradStartAlpha><gradStartColor><color value="#FF8000"/></gradStartColor><fillType><fillType value="linear"/></fillType><borderColor><color value="#FF8000"/></borderColor><thickness><double value="8"/></thickness></styleBlock></styleBlock><styleSelector><simpleSelector value="#21"/></styleSelector></styleDeclaration><styleDeclaration><styleBlock><styleBlock><color><color value="#FF8000"/></color><gradEndAlpha><double value="1"/></gradEndAlpha><gradEndColor><color value="#FF8000"/></gradEndColor><gradStartAlpha><double value="1"/></gradStartAlpha><gradStartColor><color value="#FF8000"/></gradStartColor><fillType><fillType value="linear"/></fillType><borderColor><color value="#FF8000"/></borderColor><thickness><double value="8"/></thickness></styleBlock></styleBlock><styleSelector><simpleSelector value="#62"/></styleSelector></styleDeclaration><styleDeclaration><styleBlock><styleBlock><color><color value="#FF8000"/></color><gradEndAlpha><double value="1"/></gradEndAlpha><gradEndColor><color value="#FF8000"/></gradEndColor><gradStartAlpha><double value="1"/></gradStartAlpha><gradStartColor><color value="#FF8000"/></gradStartColor><fillType><fillType value="linear"/></fillType><borderColor><color value="#FF8000"/></borderColor><thickness><double value="8"/></thickness></styleBlock></styleBlock><styleSelector><simpleSelector value="#63"/></styleSelector></styleDeclaration><styleDeclaration><styleBlock><styleBlock><color><color value="#FF8000"/></color><gradEndAlpha><double value="1"/></gradEndAlpha><gradEndColor><color value="#FF8000"/></gradEndColor><gradStartAlpha><double value="1"/></gradStartAlpha><gradStartColor><color value="#FF8000"/></gradStartColor><fillType><fillType value="linear"/></fillType><borderColor><color value="#FF8000"/></borderColor><thickness><double value="8"/></thickness></styleBlock></styleBlock><styleSelector><simpleSelector value="#64"/></styleSelector></styleDeclaration><styleDeclaration><styleBlock><styleBlock><color><color value="#FF8000"/></color><gradEndAlpha><double value="1"/></gradEndAlpha><gradEndColor><color value="#FF8000"/></gradEndColor><gradStartAlpha><double value="1"/></gradStartAlpha><gradStartColor><color value="#FF8000"/></gradStartColor><fillType><fillType value="linear"/></fillType><borderColor><color value="#FF8000"/></borderColor><thickness><double value="8"/></thickness></styleBlock></styleBlock><styleSelector><simpleSelector value="#65"/></styleSelector></styleDeclaration></array></styleDeclarations></documentStyle></documentStyle><path><array><flyToObject><target><ref value="35_170339"/></target></flyToObject><flyToObject><target><ref value="34_170339"/></target></flyToObject><flyToObject><target><ref value="35_170339"/></target></flyToObject><flyToObject><target><ref value="1_376195"/></target></flyToObject><flyToObject><target><ref value="7"/></target></flyToObject><flyToObject><target><ref value="1_12880"/></target></flyToObject><flyToObject><target><ref value="26_60635"/></target></flyToObject><flyToObject><target><ref value="34_24309637"/></target></flyToObject><flyToObject><target><ref value="41_24309637"/></target></flyToObject><flyToObject><target><ref value="0_377040"/></target></flyToObject><flyToObject><target><ref value="35_170339"/></target></flyToObject><flyToObject><target><ref value="68"/></target></flyToObject><flyToObject><target><ref value="69"/></target></flyToObject><flyToObject><target><ref value="70"/></target></flyToObject><flyToObject><target><ref value="71"/></target></flyToObject><flyToObject><target><ref value="72"/></target></flyToObject><flyToObject><target><ref value="73"/></target></flyToObject><flyToObject><target><ref value="74"/></target></flyToObject><flyToObject><target><ref value="76"/></target></flyToObject></array></path><zObjects><array><zGroup><id><string value="47_24309637"/></id><children><array><ref value="0"/><ref value="1_170339"/><ref value="6_7574"/><ref value="11_170339"/><ref value="12_170339"/></array></children><localToWorld><transform2D x="-9772.479286144931" y="1857.3843126800093" scale="36.055003010458904" rotation="0"/></localToWorld></zGroup><zGroup><id><string value="63_24309637"/></id><children><array><ref value="3_147197"/><ref value="13_170339"/></array></children><localToWorld><transform2D x="-27218.08225332619" y="-21172.890000704705" scale="62.290883577135936" rotation="0"/></localToWorld></zGroup><zGroup><id><string value="62_24309637"/></id><children><array><ref value="1_147197"/><ref value="14_170339"/></array></children><localToWorld><transform2D x="22234.992838493607" y="-19841.008608212498" scale="62.290883577135936" rotation="0"/></localToWorld></zGroup><zGroup><id><string value="59_24309637"/></id><children><array><ref value="7_134244"/><ref value="15_170339"/></array></children><localToWorld><transform2D x="22210.449325434816" y="24519.607458337803" scale="94.57385864874213" rotation="0"/></localToWorld></zGroup><zGroup><id><string value="58_24309637"/></id><children><array><ref value="0_147197"/><ref value="16_170339"/></array></children><localToWorld><transform2D x="-11885.625486443321" y="26200.489552723586" scale="94.57385864874213" rotation="0"/></localToWorld></zGroup><zGroup><id><string value="61_24309637"/></id><children><array><ref value="2_147197"/><ref value="17_170339"/></array></children><localToWorld><transform2D x="-52199.59143590435" y="9971.774693754447" scale="94.57385864874213" rotation="0"/></localToWorld></zGroup><zInvisibleFrame><id><string value="35_170339"/></id><localToWorld><transform2D x="-123.46764894532782" y="2297.8397133846033" scale="139.5011356457466" rotation="0"/></localToWorld><styleClasses><array><token value="invisible"/></array></styleClasses><width><double value="978.3699380462735"/></width><height><double value="573.8121164118231"/></height></zInvisibleFrame><zInvisibleFrame><id><string value="0_376195"/></id><localToWorld><transform2D x="-5624.442874787667" y="10040.202478947438" scale="20.745336507945257" rotation="-0.13995959085872098"/></localToWorld><styleClasses><array><token value="invisible"/></array></styleClasses><width><double value="733.9161739175906"/></width><height><double value="950.6021529042558"/></height></zInvisibleFrame><zImage><id><string value="1_376195"/></id><width><double value="700"/></width><height><double value="905"/></height><localToWorld><transform2D x="-5512.046049503831" y="10003.069994969332" scale="21.639344033214126" rotation="-0.13995959085872098"/></localToWorld><onlineAssetId><string value="622270609"/></onlineAssetId><onlineAssetUrl><string value="http://0103.static.prezi.com.s3.amazonaws.com/media/8/5/5/84b6e0612b90dd3f6787cb5af48979c32ef5f.png"/></onlineAssetUrl><assetSourceFilename><string value="paper700x905_2.png"/></assetSourceFilename></zImage><zText><id><string value="7_134244"/></id><text><text><width>-112.05600000000001</width><p><span><![CDATA[Web service]]></span></p></text></text><localToWorld><transform2D x="22210.449325434816" y="28075.209318471152" scale="146.95828208664938" rotation="0"/></localToWorld><styleClasses><array><token value="title"/></array></styleClasses></zText><zText><id><string value="0_147197"/></id><text><text><width>-89.76</width><p><span><![CDATA[         Step]]></span></p></text></text><localToWorld><transform2D x="-15179.785318253025" y="29734.116706332286" scale="146.95828208664938" rotation="0"/></localToWorld><styleClasses><array><token value="title"/></array></styleClasses></zText><zInvisibleFrame><id><string value="1_12880"/></id><localToWorld><transform2D x="6350.853879388459" y="-7282.243903782123" scale="29.165913605937153" rotation="0.21822173350925994"/></localToWorld><styleClasses><array><token value="invisible"/></array></styleClasses><width><double value="859.6233429126296"/></width><height><double value="603.350086072915"/></height></zInvisibleFrame><zImage><id><string value="0"/></id><width><double value="1015"/></width><height><double value="706"/></height><localToWorld><transform2D x="6439.26508895496" y="-6938.634204453718" scale="24.05462477528119" rotation="0.21822173350925983"/></localToWorld><onlineAssetId><string value="635888221"/></onlineAssetId><onlineAssetUrl><string value="http://0103.static.prezi.com.s3.amazonaws.com/media/6/4/2/40be2c12a8a84a21c950bb59eb1c7f36f7744.png"/></onlineAssetUrl><assetSourceFilename><string value="laptopclosed.png"/></assetSourceFilename></zImage><zText><id><string value="1_147197"/></id><text><text><width>-93.36</width><p><span><![CDATA[Strumenti]]></span></p></text></text><localToWorld><transform2D x="28964.526576571345" y="-22716.303679857054" scale="146.9582820866493" rotation="0"/></localToWorld><styleClasses><array><token value="title"/></array></styleClasses></zText><zText><id><string value="2_147197"/></id><text><text><width>-139.152</width><p><span><![CDATA[Protocollo http]]></span></p></text></text><localToWorld><transform2D x="-52199.59143590435" y="6755.340759847997" scale="146.95828208664938" rotation="-3.110625492641799E-17"/></localToWorld><styleClasses><array><token value="title"/></array></styleClasses></zText><zText><id><string value="3_147197"/></id><text><text><width>-97.512</width><p><span><![CDATA[       Codice]]></span></p></text></text><localToWorld><transform2D x="-31200.319800755504" y="-24814.357571796434" scale="146.9582820866493" rotation="0"/></localToWorld><styleClasses><array><token value="title"/></array></styleClasses></zText><zImage><id><string value="1_170339"/></id><width><double value="600"/></width><height><double value="540"/></height><localToWorld><transform2D x="-21520.17608693385" y="-10386.514605358248" scale="20.930104186610098" rotation="-0.19029941508872342"/></localToWorld><onlineAssetId><string value="618010347"/></onlineAssetId><onlineAssetUrl><string value="http://0103.static.prezi.com.s3.amazonaws.com/media/e/3/1/6973ddf62b45e4f6db808b386059956fdba50.png"/></onlineAssetUrl><assetSourceFilename><string value="rolodex600x540.png"/></assetSourceFilename></zImage><zInvisibleFrame><id><string value="26_60635"/></id><localToWorld><transform2D x="-28740.653030015834" y="11274.661370318367" scale="23.93210862914953" rotation="-0.13995959085872106"/></localToWorld><styleClasses><array><token value="invisible"/></array></styleClasses><width><double value="858.2233153569855"/></width><height><double value="706.2362060546875"/></height></zInvisibleFrame><zImage><id><string value="6_7574"/></id><width><double value="792"/></width><height><double value="610"/></height><localToWorld><transform2D x="-29609.665133810868" y="12850.290444770642" scale="24.053954633831253" rotation="-0.08292522234763981"/></localToWorld><onlineAssetId><string value="633094959"/></onlineAssetId><onlineAssetUrl><string value="http://0103.static.prezi.com.s3.amazonaws.com/media/9/4/3/b900cbfe5ed73829530278ef7411dc4501fc4.png"/></onlineAssetUrl><assetSourceFilename><string value="paper.png"/></assetSourceFilename></zImage><zImage><id><string value="11_170339"/></id><width><double value="700"/></width><height><double value="571"/></height><localToWorld><transform2D x="-28841.225464701638" y="11362.450443240159" scale="28.20743091932216" rotation="-0.13995959085872092"/></localToWorld><onlineAssetId><string value="618064919"/></onlineAssetId><onlineAssetUrl><string value="http://0103.static.prezi.com.s3.amazonaws.com/media/0/9/1/89c4e057dfb87e62399e94a8634a0b9386b8d.png"/></onlineAssetUrl><assetSourceFilename><string value="folder_700x571.png"/></assetSourceFilename></zImage><zSwfGraphics><id><string value="8_134244"/></id><width><double value="591"/></width><height><double value="31"/></height><localToWorld><transform2D x="-3648.9912030735286" y="2206.075269804605" scale="23.230557493041662" rotation="0.4206263005501709"/></localToWorld><onlineAssetId><string value="606447759"/></onlineAssetId><onlineAssetUrl><string value="http://0103.static.prezi.com.s3.amazonaws.com/media/3/d/f/b78f29d90b6d30ceb09a61af71a36fc73ca58.swf"/></onlineAssetUrl><assetSourceFilename><string value="pencil.swf"/></assetSourceFilename></zSwfGraphics><zImage><id><string value="12_170339"/></id><width><double value="700"/></width><height><double value="547"/></height><localToWorld><transform2D x="8079.09688989268" y="13781.001752093554" scale="25.559012077376817" rotation="0.0947297660341769"/></localToWorld><onlineAssetId><string value="618071041"/></onlineAssetId><onlineAssetUrl><string value="http://0103.static.prezi.com.s3.amazonaws.com/media/f/8/f/02e110a5fe0beaf66ba7a80157c723c796d47.png"/></onlineAssetUrl><assetSourceFilename><string value="ipad700_547.png"/></assetSourceFilename></zImage><zArrow><id><string value="13_170339"/></id><localToWorld><transform2D x="-17910.80323673058" y="-19610.737049338815" scale="68.28557487176121" rotation="1.4194033097376852"/></localToWorld><startEndDistance><double value="116.23230881727875"/></startEndDistance><arcHeight><double value="-30.92580214410298"/></arcHeight><styleClasses><array><token value="line1"/></array></styleClasses></zArrow><zArrow><id><string value="14_170339"/></id><localToWorld><transform2D x="14680.794184349219" y="-19630.89103235258" scale="68.28557487176103" rotation="-0.6114459504700731"/></localToWorld><startEndDistance><double value="-187.1231814203496"/></startEndDistance><arcHeight><double value="-32.32463934519904"/></arcHeight><styleClasses><array><token value="line1"/></array></styleClasses></zArrow><zArrow><id><string value="15_170339"/></id><localToWorld><transform2D x="19024.014754594366" y="22608.03778916124" scale="68.28557487176103" rotation="1.123079630919398"/></localToWorld><startEndDistance><double value="-103.50084935329241"/></startEndDistance><arcHeight><double value="-24.853870352042517"/></arcHeight><styleClasses><array><token value="line1"/></array></styleClasses></zArrow><zArrow><id><string value="16_170339"/></id><localToWorld><transform2D x="-4640.45826173592" y="25371.19823331884" scale="68.28557487176118" rotation="-1.2564726560810184"/></localToWorld><startEndDistance><double value="134.1665802038163"/></startEndDistance><arcHeight><double value="31.362152934600992"/></arcHeight><styleClasses><array><token value="line1"/></array></styleClasses></zArrow><zArrow><id><string value="17_170339"/></id><localToWorld><transform2D x="-47425.669547255675" y="12516.978503833854" scale="68.28557487176082" rotation="-2.784333513843154"/></localToWorld><startEndDistance><double value="-140.22698622941414"/></startEndDistance><arcHeight><double value="-27.997583381921775"/></arcHeight><styleClasses><array><token value="line1"/></array></styleClasses></zArrow><zRectangleFrame><id><string value="34_170339"/></id><localToWorld><transform2D x="44140.12680345673" y="1674.717959497352" scale="40.663874995155254" rotation="0"/></localToWorld><styleClasses><array><token value="roundrect"/></array></styleClasses><width><double value="893.1148534471229"/></width><height><double value="600"/></height></zRectangleFrame><zInvisibleFrame><id><string value="0_377040"/></id><localToWorld><transform2D x="8811.32613079094" y="13524.732676800144" scale="9.202195233660838" rotation="0.09472543752034733"/></localToWorld><styleClasses><array><token value="invisible"/></array></styleClasses><width><double value="1992.5586886596395"/></width><height><double value="1501.5106225146164"/></height></zInvisibleFrame><zInvisibleFrame><id><string value="7"/></id><localToWorld><transform2D x="-9182.65375816171" y="8279.144892570597" scale="3.671596164298293" rotation="-0.13995959085872087"/></localToWorld><styleClasses><array><token value="invisible"/></array></styleClasses><width><double value="800"/></width><height><double value="600"/></height></zInvisibleFrame><zInvisibleFrame><id><string value="4"/></id><localToWorld><transform2D x="-9164.43468794837" y="8271.410871311944" scale="3.2858399916206036" rotation="-0.13995959085872092"/></localToWorld><styleClasses><array><token value="invisible"/></array></styleClasses><width><double value="800"/></width><height><double value="600"/></height></zInvisibleFrame><zImage><id><string value="5"/></id><width><double value="515"/></width><height><double value="719"/></height><localToWorld><transform2D x="-9201.755233485103" y="8263.624943870342" scale="2.5264059993636367" rotation="-0.1399595908587209"/></localToWorld><onlineAssetId><string value="4983889455"/></onlineAssetId><onlineAssetUrl><string value="http://0103.static.prezi.com.s3.amazonaws.com/media/9/d/4/c1b60012a5a64177ff2d2741a14ef3c1f45e4.PNG"/></onlineAssetUrl><assetSourceFilename><string value="database.PNG"/></assetSourceFilename></zImage><zText><id><string value="16_250003"/></id><text><text><width>-166.6640625</width><p><span color="0"><![CDATA[Progetto ASL :]]></span></p></text></text><localToWorld><transform2D x="-7916.421741349208" y="3465.434347669094" scale="43.389344301213136" rotation="-0.13995959085872087"/></localToWorld><styleClasses><array><token value="subtitle"/></array></styleClasses></zText><zImage><id><string value="55_250003"/></id><width><double value="689"/></width><height><double value="642"/></height><localToWorld><transform2D x="12616.54990426852" y="-1784.013734579619" scale="9.804631236973337" rotation="0.1349397992770779"/></localToWorld><onlineAssetId><string value="618025271"/></onlineAssetId><onlineAssetUrl><string value="http://0103.static.prezi.com.s3.amazonaws.com/media/e/f/a/397407e1719f1e0e1e7da6515d92bcee16c87.png"/></onlineAssetUrl><assetSourceFilename><string value="postit_light.png"/></assetSourceFilename></zImage><zText><id><string value="2_40866"/></id><text><text><width>515.2848803978974</width><p><span><![CDATA[ 1) Progettazione Database e interfaccia Web]]></span></p></text></text><localToWorld><transform2D x="-6970.911816162104" y="5936.867538901107" scale="16.051580904422725" rotation="-0.13995959085872087"/></localToWorld><styleClasses><array><token value="body"/></array></styleClasses></zText><zText><id><string value="3_40866"/></id><text><text><width>506.303872974639</width><p><span><![CDATA[ 2) Realizzazione Database e interfaccia Web]]></span></p></text></text><localToWorld><transform2D x="-6497.2622211402195" y="9914.247138245706" scale="16.05158090442267" rotation="-0.13995959085872098"/></localToWorld><styleClasses><array><token value="body"/></array></styleClasses></zText><zText><id><string value="6_40866"/></id><text><text><width>480.3745641160995</width><p><span><![CDATA[ 3) realizzazione dei Servizi Web per ASL]]></span></p></text></text><localToWorld><transform2D x="-6228.532274329791" y="13302.635508509811" scale="16.05158090442267" rotation="-0.13995959085872098"/></localToWorld><styleClasses><array><token value="body"/></array></styleClasses></zText><zText><id><string value="7_40866"/></id><text><text><width>-238.21875</width><p><span color="0"><![CDATA[PROTOCOLLO HTTP]]></span></p></text></text><localToWorld><transform2D x="-34505.91271184764" y="4825.0689358146265" scale="34.4553056142838" rotation="-0.15162668713008728"/></localToWorld><styleClasses><array><token value="subtitle"/></array></styleClasses></zText><zImage><id><string value="1"/></id><width><double value="1280"/></width><height><double value="720"/></height><localToWorld><transform2D x="45014.46047625506" y="2634.2955912276157" scale="36.39091753054519" rotation="0"/></localToWorld><onlineAssetId><string value="4983885421"/></onlineAssetId><onlineAssetUrl><string value="http://0103.static.prezi.com.s3.amazonaws.com/media/f/4/9/1906e1e06ba08a0b04900eec57dc1c71162ea.png"/></onlineAssetUrl><assetSourceFilename><string value="fbfdbfdvd.png"/></assetSourceFilename></zImage><zInvisibleFrame><id><string value="34_24309637"/></id><localToWorld><transform2D x="-22824.122535710703" y="9402.638026918372" scale="7.676149552884851" rotation="0.035037321847199106"/></localToWorld><styleClasses><array><token value="invisible"/></array></styleClasses><width><double value="1009.3357271095152"/></width><height><double value="600"/></height></zInvisibleFrame><zImage><id><string value="35_24309637"/></id><width><double value="530"/></width><height><double value="310"/></height><localToWorld><transform2D x="-22873.58755867389" y="9377.240060799888" scale="14.058143458594422" rotation="0.035037321847199036"/></localToWorld><onlineAssetId><string value="388792202"/></onlineAssetId><onlineAssetUrl><string value="http://0103.static.prezi.com.s3.amazonaws.com/media/9/9/3/335edb1027ee4494892ff169bb55509cc62fc.png"/></onlineAssetUrl><assetSourceFilename><string value="Business_Card.png"/></assetSourceFilename></zImage><zSwfGraphics><id><string value="39_24309637"/></id><swfBoundsLeft><double value="38.05"/></swfBoundsLeft><swfBoundsTop><double value="30"/></swfBoundsTop><width><double value="197"/></width><height><double value="119"/></height><localToWorld><transform2D x="-25987.24092297773" y="10842.942146924226" scale="2.491379560597644" rotation="0.03503732184719911"/></localToWorld><onlineAssetId><string value="750604739"/></onlineAssetId><onlineAssetUrl><string value="http://0103.static.prezi.com.s3.amazonaws.com/media/b/0/9/43e28f0550363afbb3776c00fb7d7c8daf3f2.swf"/></onlineAssetUrl><assetSourceFilename><string value="mail_g.swf"/></assetSourceFilename></zSwfGraphics><zInvisibleFrame><id><string value="41_24309637"/></id><localToWorld><transform2D x="-32509.655716476085" y="14175.1682131796" scale="7.676149552884848" rotation="-0.10797136112312766"/></localToWorld><styleClasses><array><token value="invisible"/></array></styleClasses><width><double value="1009.3357271095152"/></width><height><double value="600"/></height></zInvisibleFrame><zImage><id><string value="42_24309637"/></id><width><double value="530"/></width><height><double value="310"/></height><localToWorld><transform2D x="-32571.18363124216" y="14243.746459896987" scale="14.058143458594422" rotation="-0.10797136112312773"/></localToWorld><onlineAssetId><string value="388792202"/></onlineAssetId><onlineAssetUrl><string value="http://0103.static.prezi.com.s3.amazonaws.com/media/9/9/3/335edb1027ee4494892ff169bb55509cc62fc.png"/></onlineAssetUrl><assetSourceFilename><string value="Business_Card.png"/></assetSourceFilename></zImage><zImage><id><string value="43_24309637"/></id><width><double value="526"/></width><height><double value="173"/></height><localToWorld><transform2D x="-34476.279949947086" y="13194.004262443865" scale="5.065691237448945" rotation="-0.10797136112312782"/></localToWorld><onlineAssetId><string value="630510921"/></onlineAssetId><onlineAssetUrl><string value="http://0103.static.prezi.com.s3.amazonaws.com/media/0/e/f/07a84ff1c7675fc526b19052258c7abc38434.png"/></onlineAssetUrl><assetSourceFilename><string value="logoplaceholder.png"/></assetSourceFilename></zImage><zText><id><string value="45_24309637"/></id><text><text><width>277.4503787239203</width><p align="center"><span><![CDATA[Fasi di comunicazione :]]></span></p></text></text><localToWorld><transform2D x="-33256.84521995497" y="12764.669597859336" scale="23.5570769233755" rotation="-0.1079713611231276"/></localToWorld><styleClasses><array><token value="body"/></array></styleClasses></zText><zSwfGraphics><id><string value="46_24309637"/></id><swfBoundsLeft><double value="38.05"/></swfBoundsLeft><swfBoundsTop><double value="30"/></swfBoundsTop><width><double value="197"/></width><height><double value="119"/></height><localToWorld><transform2D x="-35435.20933314905" y="16051.582326840073" scale="2.4913795605976428" rotation="-0.10797136112312766"/></localToWorld><onlineAssetId><string value="750604739"/></onlineAssetId><onlineAssetUrl><string value="http://0103.static.prezi.com.s3.amazonaws.com/media/b/0/9/43e28f0550363afbb3776c00fb7d7c8daf3f2.swf"/></onlineAssetUrl><assetSourceFilename><string value="mail_g.swf"/></assetSourceFilename></zSwfGraphics><zText><id><string value="57_24309637"/></id><text><text><width>233.6839969252079</width><p><span><![CDATA[ma come funzionano ]]></span></p><p/><p><span><![CDATA[i servizi REST ??]]></span></p></text></text><localToWorld><transform2D x="12416.028026666281" y="-2647.1585233244214" scale="20.60914747356282" rotation="0.13493979927707772"/></localToWorld><styleClasses><array><token value="body"/></array></styleClasses></zText><zImage><id><string value="8"/></id><width><double value="426"/></width><height><double value="116"/></height><localToWorld><transform2D x="1456.1413104064918" y="-13137.138565392175" scale="9.741520138037105" rotation="-0.08292522234763991"/></localToWorld><onlineAssetId><string value="4983891366"/></onlineAssetId><onlineAssetUrl><string value="http://0103.static.prezi.com.s3.amazonaws.com/media/5/3/c/9f07b41dd5e8b445d01f8cc1baee6c0fff0d4.PNG"/></onlineAssetUrl><assetSourceFilename><string value="Grizzly.PNG"/></assetSourceFilename></zImage><zImage><id><string value="10"/></id><width><double value="800"/></width><height><double value="188"/></height><localToWorld><transform2D x="11917.108761800122" y="-10605.281188531482" scale="12.515711831099196" rotation="0.4206263005501709"/></localToWorld><onlineAssetId><string value="4983891593"/></onlineAssetId><onlineAssetUrl><string value="http://0103.static.prezi.com.s3.amazonaws.com/media/e/e/0/1ed82f47e7170224d70bce733785e772d873e.png"/></onlineAssetUrl><assetSourceFilename><string value="logo.png"/></assetSourceFilename></zImage><zImage><id><string value="11"/></id><width><double value="518"/></width><height><double value="518"/></height><localToWorld><transform2D x="101.13040465336152" y="-7926.276859643979" scale="13.288883218348568" rotation="0.2182217335092599"/></localToWorld><onlineAssetId><string value="4983891795"/></onlineAssetId><onlineAssetUrl><string value="http://0103.static.prezi.com.s3.amazonaws.com/media/7/c/f/8cb6415f2765b7fd01e9a738c03bc10fa742c.PNG"/></onlineAssetUrl><assetSourceFilename><string value="java.PNG"/></assetSourceFilename></zImage><zImage><id><string value="12"/></id><width><double value="240"/></width><height><double value="240"/></height><localToWorld><transform2D x="6554.3499999999985" y="-8300.900000000001" scale="19.17126198812206" rotation="0.21822173350925989"/></localToWorld><onlineAssetId><string value="4983892496"/></onlineAssetId><onlineAssetUrl><string value="http://0103.static.prezi.com.s3.amazonaws.com/media/1/3/9/60c8e6093de0abcd8a4e46104d6afa2d5367f.png"/></onlineAssetUrl><assetSourceFilename><string value="Jersey-logo_zjyf4u.png"/></assetSourceFilename></zImage><zText><id><string value="13"/></id><text><text><width>-338.37890625</width><p><span><![CDATA[Che cosa è il protocollo HTTP ?]]></span></p></text></text><localToWorld><transform2D x="-22853.699071110917" y="8560.529716361647" scale="16.609978542080118" rotation="0.035037321847199106"/></localToWorld><styleClasses><array><token value="body"/></array></styleClasses></zText><zImage><id><string value="14"/></id><width><double value="335"/></width><height><double value="212"/></height><mask><rectangle x="7" y="11" w="318" h="188"/></mask><localToWorld><transform2D x="-22338.77736259294" y="10027.627968119634" scale="9.230254239909065" rotation="0.035037321847199106"/></localToWorld><onlineAssetId><string value="4983898055"/></onlineAssetId><onlineAssetUrl><string value="http://0103.static.prezi.com.s3.amazonaws.com/media/f/4/5/9df8f2268a6ab1026c73dc91a98c290dbd884.png"/></onlineAssetUrl><assetSourceFilename><string value="http://0103.static.prezi.com.s3.amazonaws.com/media/f/4/5/9df8f2268a6ab1026c73dc91a98c290dbd884.png"/></assetSourceFilename></zImage><zText><id><string value="15"/></id><text><text><width>-154.7578125</width><p><span><![CDATA[- Connessione]]></span></p></text></text><localToWorld><transform2D x="-35063.59563586974" y="13681.903756662767" scale="12.167470960316868" rotation="-0.10797136112312762"/></localToWorld><styleClasses><array><token value="body"/></array></styleClasses></zText><zText><id><string value="16"/></id><text><text><width>-238.78125</width><p><span><![CDATA[- Richiesta documento]]></span></p></text></text><localToWorld><transform2D x="-34494.28862133994" y="14192.297253551122" scale="12.167470960316868" rotation="-0.10797136112312762"/></localToWorld><styleClasses><array><token value="body"/></array></styleClasses></zText><zText><id><string value="17"/></id><text><text><width>-108.03515625</width><p><span><![CDATA[- Risposta]]></span></p></text></text><localToWorld><transform2D x="-35213.39687984613" y="14934.555669650326" scale="12.167470960316868" rotation="-0.10797136112312762"/></localToWorld><styleClasses><array><token value="body"/></array></styleClasses></zText><zText><id><string value="18"/></id><text><text><width>-165.43359375</width><p><span><![CDATA[- Sconnessione]]></span></p></text></text><localToWorld><transform2D x="-34810.60490020067" y="15410.950616710361" scale="12.167470960316868" rotation="-0.10797136112312762"/></localToWorld><styleClasses><array><token value="body"/></array></styleClasses></zText><zImage><id><string value="19"/></id><width><double value="336"/></width><height><double value="186"/></height><localToWorld><transform2D x="-30941.414211189003" y="14261.124852134866" scale="9.59025479523585" rotation="-0.10797136112312775"/></localToWorld><onlineAssetId><string value="4983897862"/></onlineAssetId><onlineAssetUrl><string value="http://0103.static.prezi.com.s3.amazonaws.com/media/1/9/5/cfaa280a2f8c1f873ec190b53c91de65fcead.PNG"/></onlineAssetUrl><assetSourceFilename><string value="2.PNG"/></assetSourceFilename></zImage><zText><id><string value="20"/></id><text><text><width>-140.0390625</width><p><span weight="bold" color="16744448"><![CDATA[Servizi WEB]]></span></p></text></text><localToWorld><transform2D x="5489.998563379821" y="9579.124227537799" scale="33.219957084160065" rotation="0.09472543752034775"/></localToWorld><styleClasses><array><token value="body"/></array></styleClasses></zText><zArrow><id><string value="21"/></id><localToWorld><transform2D x="4613.97143272317" y="11695.485744421507" scale="33.21995708416021" rotation="1.6309053600462822"/></localToWorld><startEndDistance><double value="60"/></startEndDistance><styleClasses><array><token value="line3"/></array></styleClasses></zArrow><zText><id><string value="24"/></id><text><text><width>-302.8125</width><p><span color="16744448"><![CDATA[- identificazione delle risorse]]></span></p></text></text><localToWorld><transform2D x="5946.233759794301" y="13594.493744585068" scale="22.554957641232864" rotation="0.09472543752034772"/></localToWorld><styleClasses><array><token value="body"/></array></styleClasses></zText><zText><id><string value="25"/></id><text><text><width>493.2179687499999</width><p><span color="16744448"><![CDATA[- mappare le azioni di CRUD sui metodi HTTP]]></span></p></text></text><localToWorld><transform2D x="7713.327851939847" y="14752.053530419222" scale="21.408716519146562" rotation="0.09472543752034776"/></localToWorld><styleClasses><array><token value="body"/></array></styleClasses></zText><zText><id><string value="26"/></id><text><text><width>-248.0859375</width><p><span color="16744448"><![CDATA[- risorse autodescrittive]]></span></p></text></text><localToWorld><transform2D x="5025.52188673362" y="15425.743878849402" scale="21.408716519146562" rotation="0.0947254375203475"/></localToWorld><styleClasses><array><token value="body"/></array></styleClasses></zText><zText><id><string value="27"/></id><text><text><width>-262.7578125</width><p><span color="16744448"><![CDATA[- collegamenti tra risorse]]></span></p></text></text><localToWorld><transform2D x="5117.974841811007" y="16467.13379905359" scale="21.408716519146562" rotation="0.09472543752034747"/></localToWorld><styleClasses><array><token value="body"/></array></styleClasses></zText><zText><id><string value="28"/></id><text><text><width>-304.16015625</width><p><span color="16744448"><![CDATA[- comunicazione senza stato]]></span></p></text></text><localToWorld><transform2D x="5446.880991103642" y="17341.182189693616" scale="21.408716519146562" rotation="0.0947254375203475"/></localToWorld><styleClasses><array><token value="body"/></array></styleClasses></zText><zImage><id><string value="29"/></id><width><double value="433"/></width><height><double value="188"/></height><localToWorld><transform2D x="11592.173090979106" y="11622.058792713055" scale="11.767133158466107" rotation="0.09472543752034732"/></localToWorld><onlineAssetId><string value="4983900594"/></onlineAssetId><onlineAssetUrl><string value="http://0103.static.prezi.com.s3.amazonaws.com/media/b/1/7/7891243d95eeacf4cc9bb536c9a49c7dcdcb3.PNG"/></onlineAssetUrl><assetSourceFilename><string value="3.PNG"/></assetSourceFilename></zImage><zInvisibleFrame><id><string value="32"/></id><localToWorld><transform2D x="-42050.842640510455" y="-6072.447535799006" scale="14.187017860020395" rotation="0"/></localToWorld><styleClasses><array><token value="invisible"/></array></styleClasses><width><double value="800"/></width><height><double value="600"/></height></zInvisibleFrame><zInvisibleFrame><id><string value="38"/></id><localToWorld><transform2D x="-24567.510416431687" y="-11534.394981715097" scale="1.763882581696602" rotation="-0.1902994150887233"/></localToWorld><styleClasses><array><token value="invisible"/></array></styleClasses><width><double value="800"/></width><height><double value="600"/></height></zInvisibleFrame><zInvisibleFrame><id><string value="40"/></id><localToWorld><transform2D x="-22423.49667222437" y="-11947.358821897591" scale="1.763882581696602" rotation="-0.1902994150887233"/></localToWorld><styleClasses><array><token value="invisible"/></array></styleClasses><width><double value="800"/></width><height><double value="600"/></height></zInvisibleFrame><zInvisibleFrame><id><string value="42"/></id><localToWorld><transform2D x="-20192.33244685407" y="-12377.14026535394" scale="1.763882581696602" rotation="-0.1902994150887233"/></localToWorld><styleClasses><array><token value="invisible"/></array></styleClasses><width><double value="800"/></width><height><double value="600"/></height></zInvisibleFrame><zInvisibleFrame><id><string value="44"/></id><localToWorld><transform2D x="-19270.101351498743" y="-8357.513427542734" scale="1.763882581696602" rotation="-0.1902994150887233"/></localToWorld><styleClasses><array><token value="invisible"/></array></styleClasses><width><double value="800"/></width><height><double value="600"/></height></zInvisibleFrame><zInvisibleFrame><id><string value="47"/></id><localToWorld><transform2D x="-21552.208590814662" y="-7917.919964189995" scale="1.763882581696602" rotation="-0.1902994150887233"/></localToWorld><styleClasses><array><token value="invisible"/></array></styleClasses><width><double value="800"/></width><height><double value="600"/></height></zInvisibleFrame><zInvisibleFrame><id><string value="50"/></id><localToWorld><transform2D x="-23848.641936623135" y="-7475.57547314122" scale="1.763882581696602" rotation="-0.1902994150887233"/></localToWorld><styleClasses><array><token value="invisible"/></array></styleClasses><width><double value="800"/></width><height><double value="600"/></height></zInvisibleFrame><zImage><id><string value="52"/></id><width><double value="521"/></width><height><double value="166"/></height><localToWorld><transform2D x="-24567.334945665756" y="-11534.535166996164" scale="2.1631557795649163" rotation="-0.19029941508872328"/></localToWorld><onlineAssetId><string value="4983906472"/></onlineAssetId><onlineAssetUrl><string value="http://0103.static.prezi.com.s3.amazonaws.com/media/1/4/3/6ded9b0487e37865c8243ff85c41d9f503b8f.PNG"/></onlineAssetUrl><assetSourceFilename><string value="1g.PNG"/></assetSourceFilename></zImage><zImage><id><string value="53"/></id><width><double value="601"/></width><height><double value="513"/></height><localToWorld><transform2D x="-22423.505777712653" y="-11947.396946132743" scale="1.510361327081692" rotation="-0.19029941508872328"/></localToWorld><onlineAssetId><string value="4983906587"/></onlineAssetId><onlineAssetUrl><string value="http://0103.static.prezi.com.s3.amazonaws.com/media/7/7/6/7f70615317c2e155e4026ef7a493f50103407.PNG"/></onlineAssetUrl><assetSourceFilename><string value="Cattura.PNG"/></assetSourceFilename></zImage><zImage><id><string value="54"/></id><width><double value="225"/></width><height><double value="116"/></height><localToWorld><transform2D x="-20192.370410047744" y="-12377.128234726122" scale="5.008907382903648" rotation="-0.1902994150887233"/></localToWorld><onlineAssetId><string value="4983906950"/></onlineAssetId><onlineAssetUrl><string value="http://0103.static.prezi.com.s3.amazonaws.com/media/0/b/c/130893365cf5a03c12325d54125280af087dc.PNG"/></onlineAssetUrl><assetSourceFilename><string value="3g.PNG"/></assetSourceFilename></zImage><zImage><id><string value="55"/></id><width><double value="530"/></width><height><double value="171"/></height><localToWorld><transform2D x="-23851.65249523388" y="-7474.952598945895" scale="2.126422945572304" rotation="-0.19029941508872328"/></localToWorld><onlineAssetId><string value="4983907083"/></onlineAssetId><onlineAssetUrl><string value="http://0103.static.prezi.com.s3.amazonaws.com/media/f/e/1/9d10ac890e6622887455ce337cbbfe23d67ab.PNG"/></onlineAssetUrl><assetSourceFilename><string value="1p.PNG"/></assetSourceFilename></zImage><zImage><id><string value="58"/></id><width><double value="680"/></width><height><double value="266"/></height><localToWorld><transform2D x="-21552.15668463172" y="-7917.919964189995" scale="1.6573590605195896" rotation="-0.1902994150887233"/></localToWorld><onlineAssetId><string value="4983907224"/></onlineAssetId><onlineAssetUrl><string value="http://0103.static.prezi.com.s3.amazonaws.com/media/d/4/9/6eee9e75b0e3f5b48652170892baf9bab98f8.PNG"/></onlineAssetUrl><assetSourceFilename><string value="2p.PNG"/></assetSourceFilename></zImage><zImage><id><string value="59"/></id><width><double value="462"/></width><height><double value="327"/></height><localToWorld><transform2D x="-19272.644754463" y="-8361.043047982927" scale="2.2828895911804885" rotation="-0.19029941508872328"/></localToWorld><onlineAssetId><string value="4983907343"/></onlineAssetId><onlineAssetUrl><string value="http://0103.static.prezi.com.s3.amazonaws.com/media/4/7/d/e1a74ace2b7e6a67bdb36c18332700ff23b39.PNG"/></onlineAssetUrl><assetSourceFilename><string value="3p.PNG"/></assetSourceFilename></zImage><zInvisibleFrame><id><string value="60"/></id><localToWorld><transform2D x="-21142.82452593533" y="-9542.531584154262" scale="9.022144730916478" rotation="-0.19029941508872328"/></localToWorld><styleClasses><array><token value="invisible"/></array></styleClasses><width><double value="1206.1016949152545"/></width><height><double value="600"/></height></zInvisibleFrame><zInvisibleFrame><id><string value="61"/></id><localToWorld><transform2D x="-19442.22225414105" y="-15552.073726861794" scale="65.44474225030496" rotation="-0.19029941508872328"/></localToWorld><styleClasses><array><token value="invisible"/></array></styleClasses><width><double value="1206.1016949152545"/></width><height><double value="600"/></height></zInvisibleFrame><zArrow><id><string value="62"/></id><localToWorld><transform2D x="-23439.991571658677" y="-11735.73299876945" scale="2.076247317760012" rotation="-0.19029941583567828"/></localToWorld><startEndDistance><double value="366.347685178701"/></startEndDistance><styleClasses><array><token value="line3"/></array></styleClasses></zArrow><zArrow><id><string value="63"/></id><localToWorld><transform2D x="-22438.22976615212" y="-13570.401992308201" scale="2.0762473177600147" rotation="-0.19029941583567825"/></localToWorld><startEndDistance><double value="311.0814305630763"/></startEndDistance><styleClasses><array><token value="line3"/></array></styleClasses></zArrow><zArrow><id><string value="64"/></id><localToWorld><transform2D x="-22653.583943143967" y="-7706.197270641412" scale="1.7615255036326398" rotation="-0.19029940718562818"/></localToWorld><startEndDistance><double value="487.9066393527521"/></startEndDistance><styleClasses><array><token value="line3"/></array></styleClasses></zArrow><zArrow><id><string value="65"/></id><localToWorld><transform2D x="-20364.328883857765" y="-8151.548415007541" scale="1.7615255036326394" rotation="-0.1902994071856284"/></localToWorld><startEndDistance><double value="496.0488563809598"/></startEndDistance><styleClasses><array><token value="line3"/></array></styleClasses></zArrow><zText><id><string value="66"/></id><text><text><width>-153.36328125</width><p><span><![CDATA[Servizi di GET]]></span></p></text></text><localToWorld><transform2D x="-22524.63255976592" y="-12971.14738383263" scale="9.135488198144065" rotation="-0.1902994150887233"/></localToWorld><styleClasses><array><token value="body"/></array></styleClasses></zText><zText><id><string value="67"/></id><text><text><width>-343.21875</width><p><span><![CDATA[Servizi di POST PUT e DELETE]]></span></p></text></text><localToWorld><transform2D x="-21801.152270048548" y="-8795.571823023172" scale="8.30498927104006" rotation="-0.19029941508872328"/></localToWorld><styleClasses><array><token value="body"/></array></styleClasses></zText><zInvisibleFrame><id><string value="68"/></id><localToWorld><transform2D x="-21263.246870365416" y="-10609.930330214685" scale="18.63758141970033" rotation="-0.1902994150887233"/></localToWorld><styleClasses><array><token value="invisible"/></array></styleClasses><width><double value="1206.1016949152545"/></width><height><double value="600"/></height></zInvisibleFrame><zInvisibleFrame><id><string value="69"/></id><localToWorld><transform2D x="-24394.85069974284" y="-11550.626083708805" scale="2.5059188373207992" rotation="-0.19029941508872328"/></localToWorld><styleClasses><array><token value="invisible"/></array></styleClasses><width><double value="1206.1016949152545"/></width><height><double value="600"/></height></zInvisibleFrame><zInvisibleFrame><id><string value="70"/></id><localToWorld><transform2D x="-22353.951492567692" y="-11973.246225238856" scale="1.718459282902315" rotation="-0.1902994150887233"/></localToWorld><styleClasses><array><token value="invisible"/></array></styleClasses><width><double value="1206.1016949152545"/></width><height><double value="600"/></height></zInvisibleFrame><zInvisibleFrame><id><string value="71"/></id><localToWorld><transform2D x="-20065.04454328611" y="-12418.393650166601" scale="2.148074103627894" rotation="-0.19029941508872328"/></localToWorld><styleClasses><array><token value="invisible"/></array></styleClasses><width><double value="1206.1016949152545"/></width><height><double value="600"/></height></zInvisibleFrame><zInvisibleFrame><id><string value="72"/></id><localToWorld><transform2D x="-23601.51659962674" y="-7557.898679290408" scale="2.0143963978104362" rotation="-0.19029941508872325"/></localToWorld><styleClasses><array><token value="invisible"/></array></styleClasses><width><double value="1206.1016949152545"/></width><height><double value="600"/></height></zInvisibleFrame><zInvisibleFrame><id><string value="73"/></id><localToWorld><transform2D x="-21622.385750154954" y="-7932.817038694924" scale="1.651516057481868" rotation="-0.19029941508872328"/></localToWorld><styleClasses><array><token value="invisible"/></array></styleClasses><width><double value="1206.1016949152545"/></width><height><double value="600"/></height></zInvisibleFrame><zInvisibleFrame><id><string value="74"/></id><localToWorld><transform2D x="-19281.88405502703" y="-8391.927226834607" scale="2.0643950718523345" rotation="-0.19029941508872325"/></localToWorld><styleClasses><array><token value="invisible"/></array></styleClasses><width><double value="1206.1016949152545"/></width><height><double value="600"/></height></zInvisibleFrame><zText><id><string value="75"/></id><text><text><width>-326.8359375</width><p><span color="16744448"><![CDATA[Grazie per la vostra attenzione]]></span></p><p/></text></text><localToWorld><transform2D x="52182.85204432576" y="26002.310597526513" scale="1.5199168489662194" rotation="0"/></localToWorld><styleClasses><array><token value="body"/></array></styleClasses></zText><zInvisibleFrame><id><string value="76"/></id><localToWorld><transform2D x="52174.39935155047" y="25988.18495230698" scale="1.0202198107324145" rotation="0"/></localToWorld><styleClasses><array><token value="invisible"/></array></styleClasses><width><double value="1206.1016949152545"/></width><height><double value="600"/></height></zInvisibleFrame><zArrow><id><string value="0_191342082"/></id><localToWorld><transform2D x="-21304.552857218678" y="-12147.25890131027" scale="2.0762473177600116" rotation="-0.19029941583567828"/></localToWorld><startEndDistance><double value="406.84875502485744"/></startEndDistance><styleClasses><array><token value="line3"/></array></styleClasses></zArrow><zImage><id><string value="1_191342082"/></id><width><double value="512"/></width><height><double value="512"/></height><localToWorld><transform2D x="5559.950000000001" y="-3959.45" scale="5.471442315877028" rotation="0.6687016917661253"/></localToWorld><onlineAssetId><string value="4984414317"/></onlineAssetId><onlineAssetUrl><string value="http://0103.static.prezi.com.s3.amazonaws.com/media/7/5/6/02cb621c481486dc36d750e5ec23199d35ab9.png"/></onlineAssetUrl><assetSourceFilename><string value="JSON.png"/></assetSourceFilename></zImage></array></zObjects></prezi>